air,1,air1to,mainline,,Legacy Flight Number,
air,2,air2to,mainline,,Legacy Flight Number,
air,3,air3to,mainline,,Legacy Flight Number,
air,4,air4to,mainline,,Legacy Flight Number,
air,5,air5to,mainline,,Legacy Flight Number,
air,6,air6to,mainline,,Legacy Flight Number,
air,101,air101to,mainline,,Legacy Flight Number,
air,102,air102to,mainline,,Legacy Flight Number,
air,103,air103to,mainline,,Legacy Flight Number,
air,104,air104to,mainline,,Legacy Flight Number,
air,105,air105to,mainline,,Legacy Flight Number,
air,106,air106to,mainline,,Legacy Flight Number,
air,107,air107to,mainline,,Legacy Flight Number,
air,108,air108to,mainline,,Legacy Flight Number,
air,110,air110to,mainline,,Legacy Flight Number,
air,111,air111to,mainline,,Legacy Flight Number,
air,112,air112to,mainline,,Legacy Flight Number,
air,113,air113to,mainline,,Legacy Flight Number,
air,114,air114to,mainline,,Legacy Flight Number,
air,115,air115to,mainline,,Legacy Flight Number,
air,116,air116to,mainline,,Legacy Flight Number,
air,117,air117to,mainline,,Legacy Flight Number,
air,118,air118to,mainline,,Legacy Flight Number,
air,119,air119to,mainline,,Legacy Flight Number,
air,120,air120to,mainline,,Legacy Flight Number,
air,121,air121to,mainline,,Legacy Flight Number,
air,122,air122to,mainline,,Legacy Flight Number,
air,123,air123to,mainline,,Legacy Flight Number,
air,124,air124to,mainline,,Legacy Flight Number,
air,125,air125to,mainline,,Legacy Flight Number,
air,126,air126to,mainline,,Legacy Flight Number,
air,127,air127to,mainline,,Legacy Flight Number,
air,128,air128to,mainline,,Legacy Flight Number,
air,129,air129to,mainline,,Legacy Flight Number,
air,130,air130to,mainline,,Legacy Flight Number,
air,131,air131to,mainline,,Legacy Flight Number,
air,132,air132to,mainline,,Legacy Flight Number,
air,133,air133to,mainline,,Legacy Flight Number,
air,134,air134to,mainline,,Legacy Flight Number,
air,135,air135to,mainline,,Legacy Flight Number,
air,136,air136to,mainline,,Legacy Flight Number,
air,137,air137to,mainline,,Legacy Flight Number,
air,138,air138to,mainline,,Legacy Flight Number,
air,139,air139to,mainline,,Legacy Flight Number,
air,140,air140to,mainline,,Legacy Flight Number,
air,141,air141to,mainline,,Legacy Flight Number,
air,142,air142to,mainline,,Legacy Flight Number,
air,143,air143to,mainline,,Legacy Flight Number,
air,144,air144to,mainline,,Legacy Flight Number,
air,145,air145to,mainline,,Legacy Flight Number,
air,146,air146to,mainline,,Legacy Flight Number,
air,147,air147to,mainline,,Legacy Flight Number,
air,148,air148to,mainline,,Legacy Flight Number,
air,149,air149to,mainline,,Legacy Flight Number,
air,150,air150to,mainline,,Legacy Flight Number,
air,151,air151to,mainline,,Legacy Flight Number,
air,152,air152to,mainline,,Legacy Flight Number,
air,153,air153to,mainline,,Legacy Flight Number,
air,154,air154to,mainline,,Legacy Flight Number,
air,155,air155to,mainline,,Legacy Flight Number,
air,156,air156to,mainline,,Legacy Flight Number,
air,157,air157to,mainline,,Legacy Flight Number,
air,158,air158to,mainline,,Legacy Flight Number,
air,159,air159to,mainline,,Legacy Flight Number,
air,160,air160to,mainline,,Legacy Flight Number,
air,161,air161to,mainline,,Legacy Flight Number,
air,162,air162to,mainline,,Legacy Flight Number,
air,163,air163to,mainline,,Legacy Flight Number,
air,164,air164to,mainline,,Legacy Flight Number,
air,165,air165to,mainline,,Legacy Flight Number,
air,166,air166to,mainline,,Legacy Flight Number,
air,167,air167to,mainline,,Legacy Flight Number,
air,168,air168to,mainline,,Legacy Flight Number,
air,169,air169to,mainline,,Legacy Flight Number,
air,170,air170to,mainline,,Legacy Flight Number,
air,171,air171to,mainline,,Legacy Flight Number,
air,172,air172to,mainline,,Legacy Flight Number,
air,173,air173to,mainline,,Legacy Flight Number,
air,174,air174to,mainline,,Legacy Flight Number,
air,175,air175to,mainline,,Legacy Flight Number,
air,176,air176to,mainline,,Legacy Flight Number,
air,177,air177to,mainline,,Legacy Flight Number,
air,178,air178to,mainline,,Legacy Flight Number,
air,179,air179to,mainline,,Legacy Flight Number,
air,180,air180to,mainline,,Legacy Flight Number,
air,181,air181to,mainline,,Legacy Flight Number,
air,182,air182to,mainline,,Legacy Flight Number,
air,183,air183to,mainline,,Legacy Flight Number,
air,201,air201to,mainline,,Legacy Flight Number,
air,202,air202to,mainline,,Legacy Flight Number,
air,203,air203to,mainline,,Legacy Flight Number,
air,204,air204to,mainline,,Legacy Flight Number,
air,205,air205to,mainline,,Legacy Flight Number,
air,206,air206to,mainline,,Legacy Flight Number,
air,207,air207to,mainline,,Legacy Flight Number,
air,208,air208to,mainline,,Legacy Flight Number,
air,209,air209to,mainline,,Legacy Flight Number,
air,210,air210to,mainline,,Legacy Flight Number,
air,211,air211to,mainline,,Legacy Flight Number,
air,212,air212to,mainline,,Legacy Flight Number,
air,213,air213to,mainline,,Legacy Flight Number,
air,214,air214to,mainline,,Legacy Flight Number,
air,216,air216to,mainline,,Legacy Flight Number,
air,217,air217to,mainline,,Legacy Flight Number,
air,218,air218to,mainline,,Legacy Flight Number,
air,219,air219to,mainline,,Legacy Flight Number,
air,220,air220to,mainline,,Legacy Flight Number,
air,221,air221to,mainline,,Legacy Flight Number,
air,222,air222to,mainline,,Legacy Flight Number,
air,223,air223to,mainline,,Legacy Flight Number,
air,224,air224to,mainline,,Legacy Flight Number,
air,225,air225to,mainline,,Legacy Flight Number,
air,226,air226to,mainline,,Legacy Flight Number,
air,227,air227to,mainline,,Legacy Flight Number,
air,228,air228to,mainline,,Legacy Flight Number,
air,229,air229to,mainline,,Legacy Flight Number,
air,230,air230to,mainline,,Legacy Flight Number,
air,231,air231to,mainline,,Legacy Flight Number,
air,232,air232to,mainline,,Legacy Flight Number,
air,233,air233to,mainline,,Legacy Flight Number,
air,234,air234to,mainline,,Legacy Flight Number,
air,235,air235to,mainline,,Legacy Flight Number,
air,236,air236to,mainline,,Legacy Flight Number,
air,237,air237to,mainline,,Legacy Flight Number,
air,238,air238to,mainline,,Legacy Flight Number,
air,239,air239to,mainline,,Legacy Flight Number,
air,241,air241to,mainline,,Legacy Flight Number,
air,242,air242to,mainline,,Legacy Flight Number,
air,243,air243to,mainline,,Legacy Flight Number,
air,244,air244to,mainline,,Legacy Flight Number,
air,245,air245to,mainline,,Legacy Flight Number,
air,246,air246to,mainline,,Legacy Flight Number,
air,247,air247to,mainline,,Legacy Flight Number,
air,248,air248to,mainline,,Legacy Flight Number,
air,249,air249to,mainline,,Legacy Flight Number,
air,250,air250to,mainline,,Legacy Flight Number,
air,251,air251to,mainline,,Legacy Flight Number,
air,252,air252to,mainline,,Legacy Flight Number,
air,253,air253to,mainline,,Legacy Flight Number,
air,254,air254to,mainline,,Legacy Flight Number,
air,255,air255to,mainline,,Legacy Flight Number,
air,256,air256to,mainline,,Legacy Flight Number,
air,257,air257to,mainline,,Legacy Flight Number,
air,258,air258to,mainline,,Legacy Flight Number,
air,259,air259to,mainline,,Legacy Flight Number,
air,260,air260to,mainline,,Legacy Flight Number,
air,301,air301to,mainline,,Legacy Flight Number,
air,302,air302to,mainline,,Legacy Flight Number,
air,303,air303to,mainline,,Legacy Flight Number,
air,304,air304to,mainline,,Legacy Flight Number,
air,305,air305to,mainline,,Legacy Flight Number,
air,306,air306to,mainline,,Legacy Flight Number,
air,307,air307to,mainline,,Legacy Flight Number,
air,308,air308to,mainline,,Legacy Flight Number,
air,309,air309to,mainline,,Legacy Flight Number,
air,310,air310to,mainline,,Legacy Flight Number,
air,311,air311to,mainline,,Legacy Flight Number,
air,312,air312to,mainline,,Legacy Flight Number,
air,313,air313to,mainline,,Legacy Flight Number,
air,314,air314to,mainline,,Legacy Flight Number,
air,315,air315to,mainline,,Legacy Flight Number,
air,316,air316to,mainline,,Legacy Flight Number,
air,317,air317to,mainline,,Legacy Flight Number,
air,318,air318to,mainline,,Legacy Flight Number,
air,319,air319to,mainline,,Legacy Flight Number,
air,320,air320to,mainline,,Legacy Flight Number,
air,321,air321to,mainline,,Legacy Flight Number,
air,322,air322to,mainline,,Legacy Flight Number,
air,324,air324to,mainline,,Legacy Flight Number,
air,325,air325to,mainline,,Legacy Flight Number,
air,326,air326to,mainline,,Legacy Flight Number,
air,327,air327to,mainline,,Legacy Flight Number,
air,328,air328to,mainline,,Legacy Flight Number,
air,329,air329to,mainline,,Legacy Flight Number,
air,330,air330to,mainline,,Legacy Flight Number,
air,331,air331to,mainline,,Legacy Flight Number,
air,332,air332to,mainline,,Legacy Flight Number,
air,333,air333to,mainline,,Legacy Flight Number,
air,334,air334to,mainline,,Legacy Flight Number,
air,401,air401to,mainline,,Legacy Flight Number,
air,402,air402to,mainline,,Legacy Flight Number,
air,403,air403to,mainline,,Legacy Flight Number,
air,404,air404to,mainline,,Legacy Flight Number,
air,405,air405to,mainline,,Legacy Flight Number,
air,406,air406to,mainline,,Legacy Flight Number,
air,407,air407to,mainline,,Legacy Flight Number,
air,408,air408to,mainline,,Legacy Flight Number,
air,409,air409to,mainline,,Legacy Flight Number,
air,410,air410to,mainline,,Legacy Flight Number,
air,411,air411to,mainline,,Legacy Flight Number,
air,412,air412to,mainline,,Legacy Flight Number,
air,413,air413to,mainline,,Legacy Flight Number,
air,414,air414to,mainline,,Legacy Flight Number,
air,415,air415to,mainline,,Legacy Flight Number,
air,416,air416to,mainline,,Legacy Flight Number,
air,417,air417to,mainline,,Legacy Flight Number,
air,418,air418to,mainline,,Legacy Flight Number,
air,419,air419to,mainline,,Legacy Flight Number,
air,420,air420to,mainline,,Legacy Flight Number,
air,421,air421to,mainline,,Legacy Flight Number,
air,422,air422to,mainline,,Legacy Flight Number,
air,423,air423to,mainline,,Legacy Flight Number,
air,424,air424to,mainline,,Legacy Flight Number,
air,425,air425to,mainline,,Legacy Flight Number,
air,426,air426to,mainline,,Legacy Flight Number,
air,427,air427to,mainline,,Legacy Flight Number,
air,428,air428to,mainline,,Legacy Flight Number,
air,429,air429to,mainline,,Legacy Flight Number,
air,430,air430to,mainline,,Legacy Flight Number,
air,431,air431to,mainline,,Legacy Flight Number,
air,432,air432to,mainline,,Legacy Flight Number,
air,433,air433to,mainline,,Legacy Flight Number,
air,434,air434to,mainline,,Legacy Flight Number,
air,435,air435to,mainline,,Legacy Flight Number,
air,436,air436to,mainline,,Legacy Flight Number,
air,437,air437to,mainline,,Legacy Flight Number,
air,438,air438to,mainline,,Legacy Flight Number,
air,439,air439to,mainline,,Legacy Flight Number,
air,440,air440to,mainline,,Legacy Flight Number,
air,441,air441to,mainline,,Legacy Flight Number,
air,501,air501to,mainline,,Legacy Flight Number,
air,502,air502to,mainline,,Legacy Flight Number,
air,503,air503to,mainline,,Legacy Flight Number,
air,504,air504to,mainline,,Legacy Flight Number,
air,505,air505to,mainline,,Legacy Flight Number,
air,506,air506to,mainline,,Legacy Flight Number,
air,507,air507to,mainline,,Legacy Flight Number,
air,508,air508to,mainline,,Legacy Flight Number,
air,509,air509to,mainline,,Legacy Flight Number,
air,510,air510to,mainline,,Legacy Flight Number,
air,511,air511to,mainline,,Legacy Flight Number,
air,512,air512to,mainline,,Legacy Flight Number,
air,513,air513to,mainline,,Legacy Flight Number,
air,514,air514to,mainline,,Legacy Flight Number,
air,515,air515to,mainline,,Legacy Flight Number,
air,516,air516to,mainline,,Legacy Flight Number,
air,517,air517to,mainline,,Legacy Flight Number,
air,518,air518to,mainline,,Legacy Flight Number,
air,519,air519to,mainline,,Legacy Flight Number,
air,520,air520to,mainline,,Legacy Flight Number,
air,521,air521to,mainline,,Legacy Flight Number,
air,522,air522to,mainline,,Legacy Flight Number,
air,523,air523to,mainline,,Legacy Flight Number,
air,524,air524to,mainline,,Legacy Flight Number,
air,525,air525to,mainline,,Legacy Flight Number,
air,526,air526to,mainline,,Legacy Flight Number,
air,527,air527to,mainline,,Legacy Flight Number,
air,528,air528to,mainline,,Legacy Flight Number,
air,529,air529to,mainline,,Legacy Flight Number,
air,530,air530to,mainline,,Legacy Flight Number,
air,531,air531to,mainline,,Legacy Flight Number,
air,532,air532to,mainline,,Legacy Flight Number,
air,533,air533to,mainline,,Legacy Flight Number,
air,534,air534to,mainline,,Legacy Flight Number,
air,535,air535to,mainline,,Legacy Flight Number,
air,536,air536to,mainline,,Legacy Flight Number,
air,537,air537to,mainline,,Legacy Flight Number,
air,538,air538to,mainline,,Legacy Flight Number,
air,539,air539to,mainline,,Legacy Flight Number,
air,540,air540to,mainline,,Legacy Flight Number,
air,541,air541to,mainline,,Legacy Flight Number,
air,542,air542to,mainline,,Legacy Flight Number,
air,543,air543to,mainline,,Legacy Flight Number,
air,544,air544to,mainline,,Legacy Flight Number,
air,545,air545to,mainline,,Legacy Flight Number,
air,546,air546to,mainline,,Legacy Flight Number,
air,547,air547to,mainline,,Legacy Flight Number,
air,548,air548to,mainline,,Legacy Flight Number,
air,549,air549to,mainline,,Legacy Flight Number,
air,550,air550to,mainline,,Legacy Flight Number,
air,551,air551to,mainline,,Legacy Flight Number,
air,552,air552to,mainline,,Legacy Flight Number,
air,553,air553to,mainline,,Legacy Flight Number,
air,554,air554to,mainline,,Legacy Flight Number,
air,555,air555to,mainline,,Legacy Flight Number,
air,556,air556to,mainline,,Legacy Flight Number,
air,557,air557to,mainline,,Legacy Flight Number,
air,558,air558to,mainline,,Legacy Flight Number,
air,559,air559to,mainline,,Legacy Flight Number,
air,560,air560to,mainline,,Legacy Flight Number,
air,561,air561to,mainline,,Legacy Flight Number,
air,562,air562to,mainline,,Legacy Flight Number,
air,563,air563to,mainline,,Legacy Flight Number,
air,564,air564to,mainline,,Legacy Flight Number,
air,565,air565to,mainline,,Legacy Flight Number,
air,566,air566to,mainline,,Legacy Flight Number,
air,567,air567to,mainline,,Legacy Flight Number,
air,568,air568to,mainline,,Legacy Flight Number,
air,569,air569to,mainline,,Legacy Flight Number,
air,570,air570to,mainline,,Legacy Flight Number,
air,571,air571to,mainline,,Legacy Flight Number,
air,572,air572to,mainline,,Legacy Flight Number,
air,573,air573to,mainline,,Legacy Flight Number,
air,574,air574to,mainline,,Legacy Flight Number,
air,576,air576to,mainline,,Legacy Flight Number,
air,577,air577to,mainline,,Legacy Flight Number,
air,578,air578to,mainline,,Legacy Flight Number,
air,579,air579to,mainline,,Legacy Flight Number,
air,580,air580to,mainline,,Legacy Flight Number,
air,581,air581to,mainline,,Legacy Flight Number,
air,582,air582to,mainline,,Legacy Flight Number,
air,583,air583to,mainline,,Legacy Flight Number,
air,584,air584to,mainline,,Legacy Flight Number,
air,585,air585to,mainline,,Legacy Flight Number,
air,586,air586to,mainline,,Legacy Flight Number,
air,587,air587to,mainline,,Legacy Flight Number,
air,588,air588to,mainline,,Legacy Flight Number,
air,589,air589to,mainline,,Legacy Flight Number,
air,590,air590to,mainline,,Legacy Flight Number,
air,591,air591to,mainline,,Legacy Flight Number,
air,592,air592to,mainline,,Legacy Flight Number,
air,593,air593to,mainline,,Legacy Flight Number,
air,594,air594to,mainline,,Legacy Flight Number,
air,595,air595to,mainline,,Legacy Flight Number,
air,596,air596to,mainline,,Legacy Flight Number,
air,597,air597to,mainline,,Legacy Flight Number,
air,598,air598to,mainline,,Legacy Flight Number,
air,599,air599to,mainline,,Legacy Flight Number,
air,600,air600to,mainline,,Legacy Flight Number,
air,601,air601to,mainline,,Legacy Flight Number,
air,602,air602to,mainline,,Legacy Flight Number,
air,603,air603to,mainline,,Legacy Flight Number,
air,604,air604to,mainline,,Legacy Flight Number,
air,605,air605to,mainline,,Legacy Flight Number,
air,606,air606to,mainline,,Legacy Flight Number,
air,607,air607to,mainline,,Legacy Flight Number,
air,608,air608to,mainline,,Legacy Flight Number,
air,609,air609to,mainline,,Legacy Flight Number,
air,610,air610to,mainline,,Legacy Flight Number,
air,611,air611to,mainline,,Legacy Flight Number,
air,612,air612to,mainline,,Legacy Flight Number,
air,613,air613to,mainline,,Legacy Flight Number,
air,614,air614to,mainline,,Legacy Flight Number,
air,615,air615to,mainline,,Legacy Flight Number,
air,616,air616to,mainline,,Legacy Flight Number,
air,617,air617to,mainline,,Legacy Flight Number,
air,618,air618to,mainline,,Legacy Flight Number,
air,619,air619to,mainline,,Legacy Flight Number,
air,620,air620to,mainline,,Legacy Flight Number,
air,621,air621to,mainline,,Legacy Flight Number,
air,622,air622to,mainline,,Legacy Flight Number,
air,623,air623to,mainline,,Legacy Flight Number,
air,624,air624to,mainline,,Legacy Flight Number,
air,625,air625to,mainline,,Legacy Flight Number,
air,626,air626to,mainline,,Legacy Flight Number,
air,627,air627to,mainline,,Legacy Flight Number,
air,628,air628to,mainline,,Legacy Flight Number,
air,629,air629to,mainline,,Legacy Flight Number,
air,631,air631to,mainline,,Legacy Flight Number,
air,632,air632to,mainline,,Legacy Flight Number,
air,633,air633to,mainline,,Legacy Flight Number,
air,634,air634to,mainline,,Legacy Flight Number,
air,635,air635to,mainline,,Legacy Flight Number,
air,636,air636to,mainline,,Legacy Flight Number,
air,637,air637to,mainline,,Legacy Flight Number,
air,638,air638to,mainline,,Legacy Flight Number,
air,639,air639to,mainline,,Legacy Flight Number,
air,640,air640to,mainline,,Legacy Flight Number,
air,641,air641to,mainline,,Legacy Flight Number,
air,642,air642to,mainline,,Legacy Flight Number,
air,643,air643to,mainline,,Legacy Flight Number,
air,644,air644to,mainline,,Legacy Flight Number,
air,645,air645to,mainline,,Legacy Flight Number,
air,646,air646to,mainline,,Legacy Flight Number,
air,647,air647to,mainline,,Legacy Flight Number,
air,648,air648to,mainline,,Legacy Flight Number,
air,649,air649to,mainline,,Legacy Flight Number,
air,650,air650to,mainline,,Legacy Flight Number,
air,651,air651to,mainline,,Legacy Flight Number,
air,652,air652to,mainline,,Legacy Flight Number,
air,653,air653to,mainline,,Legacy Flight Number,
air,654,air654to,mainline,,Legacy Flight Number,
air,655,air655to,mainline,,Legacy Flight Number,
air,656,air656to,mainline,,Legacy Flight Number,
air,657,air657to,mainline,,Legacy Flight Number,
air,658,air658to,mainline,,Legacy Flight Number,
air,659,air659to,mainline,,Legacy Flight Number,
air,660,air660to,mainline,,Legacy Flight Number,
air,661,air661to,mainline,,Legacy Flight Number,
air,662,air662to,mainline,,Legacy Flight Number,
air,663,air663to,mainline,,Legacy Flight Number,
air,664,air664to,mainline,,Legacy Flight Number,
air,665,air665to,mainline,,Legacy Flight Number,
air,666,air666to,mainline,,Legacy Flight Number,
air,667,air667to,mainline,,Legacy Flight Number,
air,668,air668to,mainline,,Legacy Flight Number,
air,669,air669to,mainline,,Legacy Flight Number,
air,670,air670to,mainline,,Legacy Flight Number,
air,671,air671to,mainline,,Legacy Flight Number,
air,672,air672to,mainline,,Legacy Flight Number,
air,673,air673to,mainline,,Legacy Flight Number,
air,674,air674to,mainline,,Legacy Flight Number,
air,675,air675to,mainline,,Legacy Flight Number,
air,676,air676to,mainline,,Legacy Flight Number,
air,677,air677to,mainline,,Legacy Flight Number,
air,678,air678to,mainline,,Legacy Flight Number,
air,679,air679to,mainline,,Legacy Flight Number,
air,680,air680to,mainline,,Legacy Flight Number,
air,681,air681to,mainline,,Legacy Flight Number,
air,682,air682to,mainline,,Legacy Flight Number,
air,683,air683to,mainline,,Legacy Flight Number,
air,684,air684to,mainline,,Legacy Flight Number,
air,685,air685to,mainline,,Legacy Flight Number,
air,686,air686to,mainline,,Legacy Flight Number,
air,687,air687to,mainline,,Legacy Flight Number,
air,688,air688to,mainline,,Legacy Flight Number,
air,689,air689to,mainline,,Legacy Flight Number,
air,690,air690to,mainline,,Legacy Flight Number,
air,691,air691to,mainline,,Legacy Flight Number,
air,692,air692to,mainline,,Legacy Flight Number,
air,693,air693to,mainline,,Legacy Flight Number,
air,694,air694to,mainline,,Legacy Flight Number,
air,695,air695to,mainline,,Legacy Flight Number,
air,696,air696to,mainline,,Legacy Flight Number,
air,697,air697to,mainline,,Legacy Flight Number,
air,698,air698to,mainline,,Legacy Flight Number,
air,699,air699to,mainline,,Legacy Flight Number,
air,6001,air6001to,mainline,,Legacy Flight Number,
air,6002,air6002to,mainline,,Legacy Flight Number,
air,6003,air6003to,mainline,,Legacy Flight Number,
air,701,air701to,mainline,,Legacy Flight Number,
air,702,air702to,mainline,,Legacy Flight Number,
air,703,air703to,mainline,,Legacy Flight Number,
air,704,air704to,mainline,,Legacy Flight Number,
air,705,air705to,mainline,,Legacy Flight Number,
air,706,air706to,mainline,,Legacy Flight Number,
air,707,air707to,mainline,,Legacy Flight Number,
air,708,air708to,mainline,,Legacy Flight Number,
air,709,air709to,mainline,,Legacy Flight Number,
air,710,air710to,mainline,,Legacy Flight Number,
air,711,air711to,mainline,,Legacy Flight Number,
air,712,air712to,mainline,,Legacy Flight Number,
air,713,air713to,mainline,,Legacy Flight Number,
air,714,air714to,mainline,,Legacy Flight Number,
air,715,air715to,mainline,,Legacy Flight Number,
air,716,air716to,mainline,,Legacy Flight Number,
air,717,air717to,mainline,,Legacy Flight Number,
air,718,air718to,mainline,,Legacy Flight Number,
air,719,air719to,mainline,,Legacy Flight Number,
air,720,air720to,mainline,,Legacy Flight Number,
air,721,air721to,mainline,,Legacy Flight Number,
air,722,air722to,mainline,,Legacy Flight Number,
air,723,air723to,mainline,,Legacy Flight Number,
air,724,air724to,mainline,,Legacy Flight Number,
air,725,air725to,mainline,,Legacy Flight Number,
air,726,air726to,mainline,,Legacy Flight Number,
air,801,air801to,mainline,,Legacy Flight Number,
air,802,air802to,mainline,,Legacy Flight Number,
air,803,air803to,mainline,,Legacy Flight Number,
air,804,air804to,mainline,,Legacy Flight Number,
air,805,air805to,mainline,,Legacy Flight Number,
air,806,air806to,mainline,,Legacy Flight Number,
air,807,air807to,mainline,,Legacy Flight Number,
air,808,air808to,mainline,,Legacy Flight Number,
air,809,air809to,mainline,,Legacy Flight Number,
air,810,air810to,mainline,,Legacy Flight Number,
air,811,air811to,mainline,,Legacy Flight Number,
air,812,air812to,mainline,,Legacy Flight Number,
air,813,air813to,mainline,,Legacy Flight Number,
air,814,air814to,mainline,,Legacy Flight Number,
air,815,air815to,mainline,,Legacy Flight Number,
air,816,air816to,mainline,,Legacy Flight Number,
air,817,air817to,mainline,,Legacy Flight Number,
air,818,air818to,mainline,,Legacy Flight Number,
air,819,air819to,mainline,,Legacy Flight Number,
air,820,air820to,mainline,,Legacy Flight Number,
air,821,air821to,mainline,,Legacy Flight Number,
air,822,air822to,mainline,,Legacy Flight Number,
air,823,air823to,mainline,,Legacy Flight Number,
air,824,air824to,mainline,,Legacy Flight Number,
air,825,air825to,mainline,,Legacy Flight Number,
air,826,air826to,mainline,,Legacy Flight Number,
air,827,air827to,mainline,,Legacy Flight Number,
air,828,air828to,mainline,,Legacy Flight Number,
air,829,air829to,mainline,,Legacy Flight Number,
air,830,air830to,mainline,,Legacy Flight Number,
air,831,air831to,mainline,,Legacy Flight Number,
air,832,air832to,mainline,,Legacy Flight Number,
air,833,air833to,mainline,,Legacy Flight Number,
air,834,air834to,mainline,,Legacy Flight Number,
air,835,air835to,mainline,,Legacy Flight Number,
air,836,air836to,mainline,,Legacy Flight Number,
air,837,air837to,mainline,,Legacy Flight Number,
air,838,air838to,mainline,,Legacy Flight Number,
air,839,air839to,mainline,,Legacy Flight Number,
seg,1,seg1to,segville,IntraAir Flight 90,Legacy Flight Number,
seg,2,seg2to,segville,IntraAir Flight 90,Legacy Flight Number,
seg,3,seg3to,segville,IntraAir Flight 90,Legacy Flight Number,
seg,4,seg4to,segville,IntraAir Flight 90,Legacy Flight Number,
seg,5,seg5to,segville,IntraAir Flight 90,Legacy Flight Number,
seg,6,seg6to,segville,IntraAir Flight 90,Legacy Flight Number,
seg,7,seg7to,segville,IntraAir Flight 90,Legacy Flight Number,
seg,8,seg8to,segville,IntraAir Flight 90,Legacy Flight Number,
seg,9,seg9to,segville,IntraAir Flight 90,Legacy Flight Number,
seg,10,seg10to,segville,IntraAir Flight 9,Legacy Flight Number,
seg,11,seg11to,segville,IntraAir Flight 9,Legacy Flight Number,
seg,12,seg12to,segville,IntraAir Flight 9,Legacy Flight Number,
seg,13,seg13to,segville,IntraAir Flight 9,Legacy Flight Number,
seg,14,seg14to,segville,IntraAir Flight 9,Legacy Flight Number,
seg,15,seg15to,segville,IntraAir Flight 9,Legacy Flight Number,
wp,1,wp1to,waypoint,IntraAir Flight 100,Legacy Flight Number,
wp,2,wp2to,waypoint,IntraAir Flight 100,Legacy Flight Number,
wp,5,wp5to,waypoint,IntraAir Flight 100,Legacy Flight Number,
wp,18,wp18to,waypoint,IntraAir Flight 10,Legacy Flight Number,
wp,20,wp20to,waypoint,IntraAir Flight 10,Legacy Flight Number,
wp,21,wp21to,waypoint,IntraAir Flight 10,Legacy Flight Number,
wp,22,wp22to,waypoint,IntraAir Flight 10,Legacy Flight Number,
wp,23,wp23to,waypoint,IntraAir Flight 10,Legacy Flight Number,
wp,25,wp25to,waypoint,IntraAir Flight 10,Legacy Flight Number,
wp,26,wp26to,waypoint,IntraAir Flight 10,Legacy Flight Number,
wp,27,wp27to,waypoint,IntraAir Flight 10,Legacy Flight Number,
wp,28,wp28to,waypoint,IntraAir Flight 10,Legacy Flight Number,
wp,30,wp30to,waypoint,IntraAir Flight 10,Legacy Flight Number,
wp,38,wp38to,waypoint,IntraAir Flight 10,Legacy Flight Number,Italiani Volanti Flight 9
wp,39,wp39to,waypoint,IntraAir Flight 10,Legacy Flight Number,
wp,40,wp40to,waypoint,IntraAir Flight 10,Legacy Flight Number,
wp,41,wp41to,waypoint,IntraAir Flight 10,Legacy Flight Number,
wp,42,wp42to,waypoint,IntraAir Flight 10,Legacy Flight Number,
wp,43,wp43to,waypoint,IntraAir Flight 10,Legacy Flight Number,
wp,45,wp45to,waypoint,IntraAir Flight 10,Legacy Flight Number,
wp,46,wp46to,waypoint,IntraAir Flight 10,Legacy Flight Number,
wp,48,wp48to,waypoint,IntraAir Flight 10,Legacy Flight Number,
wp,53,wp53to,waypoint,IntraAir Flight 10,Legacy Flight Number,
wp,54,wp54to,waypoint,IntraAir Flight 10,Legacy Flight Number,
wp,57,wp57to,waypoint,IntraAir Flight 10,Legacy Flight Number,
wp,60,wp60to,waypoint,IntraAir Flight 10,Legacy Flight Number,
wp,61,wp61to,waypoint,IntraAir Flight 10,Legacy Flight Number,
wp,62,wp62to,waypoint,IntraAir Flight 10,Legacy Flight Number,
wp,70,wp70to,waypoint,IntraAir Flight 10,Legacy Flight Number,
wp,71,wp71to,waypoint,IntraAir Flight 10,Legacy Flight Number,
wp,72,wp72to,waypoint,IntraAir Flight 10,Legacy Flight Number,
wp,73,wp73to,waypoint,IntraAir Flight 10,Legacy Flight Number,
wp,74,wp74to,waypoint,IntraAir Flight 10,Legacy Flight Number,
wp,76,wp76to,waypoint,IntraAir Flight 10,Legacy Flight Number,
wp,77,wp77to,waypoint,IntraAir Flight 10,Legacy Flight Number,
wp,82,wp82to,waypoint,IntraAir Flight 10,Legacy Flight Number,
wp,84,wp84to,waypoint,IntraAir Flight 10,Legacy Flight Number,
wp,86,wp86to,waypoint,IntraAir Flight 10,Legacy Flight Number,
wp,88,wp88to,waypoint,IntraAir Flight 10,Legacy Flight Number,
wp,89,wp89to,waypoint,IntraAir Flight 10,Legacy Flight Number,
wp,90,wp90to,waypoint,IntraAir Flight 10,Legacy Flight Number,
wp,91,wp91to,waypoint,IntraAir Flight 10,Legacy Flight Number,
wp,93,wp93to,waypoint,IntraAir Flight 10,Legacy Flight Number,
wp,94,wp94to,waypoint,IntraAir Flight 10,Legacy Flight Number,
wp,95,wp95to,waypoint,IntraAir Flight 10,Legacy Flight Number,
wp,98,wp98to,waypoint,IntraAir Flight 10,Legacy Flight Number,
wp,99,wp99to,waypointHopper,IntraAir Flight 10,Legacy Flight Number,
wp,100,wp100to,waypointHopper,IntraAir Flight 1,Legacy Flight Number,
wp,101,wp101to,waypointHopper,IntraAir Flight 1,Legacy Flight Number,
wp,102,wp102to,waypoint,IntraAir Flight 1,Legacy Flight Number,
wp,103,wp103to,waypoint,IntraAir Flight 1,Legacy Flight Number,
wp,104,wp104to,waypoint,IntraAir Flight 1,Legacy Flight Number,
wp,105,wp105to,waypointHopper,IntraAir Flight 1,Legacy Flight Number,
wp,106,wp106to,waypoint,IntraAir Flight 1,Legacy Flight Number,
wp,107,wp107to,waypointHopper,IntraAir Flight 1,Legacy Flight Number,
wp,108,wp108to,waypointHopper,IntraAir Flight 1,Legacy Flight Number,
wp,109,wp109to,waypoint,IntraAir Flight 1,Legacy Flight Number,
wp,112,wp112to,waypointHopper,IntraAir Flight 1,Legacy Flight Number,
wp,113,wp113to,waypointHopper,IntraAir Flight 1,Legacy Flight Number,
wp,114,wp114to,waypointHopper,IntraAir Flight 1,Legacy Flight Number,
wp,115,wp115to,waypointHopper,IntraAir Flight 1,Legacy Flight Number,
wp,117,wp117to,waypointHopper,IntraAir Flight 1,Legacy Flight Number,
wp,118,wp118to,waypoint,IntraAir Flight 1,Legacy Flight Number,
wp,119,wp119to,waypointHopper,IntraAir Flight 1,Legacy Flight Number,
wp,120,wp120to,waypointHopper,IntraAir Flight 1,Legacy Flight Number,
wp,121,wp121to,waypointHopper,IntraAir Flight 1,Legacy Flight Number,
wp,122,wp122to,waypointHopper,IntraAir Flight 1,Legacy Flight Number,
wp,123,wp123to,waypointHopper,IntraAir Flight 1,Legacy Flight Number,
wp,124,wp124to,waypointHopper,IntraAir Flight 1,Legacy Flight Number,
wp,125,wp125to,waypointHopper,IntraAir Flight 1,Legacy Flight Number,
wp,127,wp127to,waypoint,IntraAir Flight 1,Legacy Flight Number,
wp,128,wp128to,waypoint,IntraAir Flight 1,Legacy Flight Number,
wp,129,wp129to,waypointHopper,IntraAir Flight 1,Legacy Flight Number,
wp,130,wp130to,waypointHopper,IntraAir Flight 1,Legacy Flight Number,
wp,131,wp131to,waypointHopper,IntraAir Flight 1,Legacy Flight Number,
wp,132,wp132to,waypointHopper,IntraAir Flight 1,Legacy Flight Number,
wp,133,wp133to,waypointHopper,IntraAir Flight 1,Legacy Flight Number,
wp,134,wp134to,waypointHopper,IntraAir Flight 1,Legacy Flight Number,
wp,136,wp136to,waypointHopper,IntraAir Flight 1,Legacy Flight Number,
wp,137,wp137to,waypointHopper,IntraAir Flight 1,Legacy Flight Number,
wp,138,wp138to,waypointHopper,IntraAir Flight 1,Legacy Flight Number,
wp,139,wp139to,waypoint,IntraAir Flight 1,Legacy Flight Number,
wp,141,wp141to,waypointHopper,IntraAir Flight 1,Legacy Flight Number,
wp,142,wp142to,waypointHopper,IntraAir Flight 1,Legacy Flight Number,
wp,143,wp143to,waypointHopper,IntraAir Flight 1,Legacy Flight Number,
wp,144,wp144to,waypointHopper,IntraAir Flight 1,Legacy Flight Number,
wp,145,wp145to,waypointHopper,IntraAir Flight 1,Legacy Flight Number,
wp,146,wp146to,waypointHopper,IntraAir Flight 1,Legacy Flight Number,
wp,147,wp147to,waypoint,IntraAir Flight 1,Legacy Flight Number,
wp,149,wp149to,waypointHopper,IntraAir Flight 1,Legacy Flight Number,
wp,150,wp150to,waypointHopper,IntraAir Flight 1,Legacy Flight Number,
wp,151,wp151to,waypointHopper,IntraAir Flight 1,Legacy Flight Number,
wp,152,wp152to,waypointHopper,IntraAir Flight 1,Legacy Flight Number,
wp,153,wp153to,waypointHopper,IntraAir Flight 1,Legacy Flight Number,
wp,154,wp154to,waypointHopper,IntraAir Flight 1,Legacy Flight Number,
wp,155,wp155to,waypointHopper,IntraAir Flight 1,Legacy Flight Number,
wp,157,wp157to,waypointHopper,IntraAir Flight 1,Legacy Flight Number,
wp,158,wp158to,waypointHopper,IntraAir Flight 1,Legacy Flight Number,
wp,159,wp159to,waypoint,IntraAir Flight 1,Legacy Flight Number,
wp,160,wp160to,waypointHopper,IntraAir Flight 1,Legacy Flight Number,
wp,161,wp161to,waypointHopper,IntraAir Flight 1,Legacy Flight Number,
wp,162,wp162to,waypoint,IntraAir Flight 1,Legacy Flight Number,
wp,163,wp163to,waypointHopper,IntraAir Flight 1,Legacy Flight Number,
wp,164,wp164to,waypointHopper,IntraAir Flight 1,Legacy Flight Number,
wp,165,wp165to,waypoint,IntraAir Flight 1,Legacy Flight Number,
wp,166,wp166to,waypoint,IntraAir Flight 1,Legacy Flight Number,
wp,167,wp167to,waypointHopper,IntraAir Flight 1,Legacy Flight Number,
wp,168,wp168to,waypointHopper,IntraAir Flight 1,Legacy Flight Number,
wp,169,wp169to,waypoint,IntraAir Flight 1,Legacy Flight Number,
wp,170,wp170to,waypointHopper,IntraAir Flight 1,Legacy Flight Number,
wp,171,wp171to,waypointHopper,IntraAir Flight 1,Legacy Flight Number,
wp,172,wp172to,waypoint,IntraAir Flight 1,Legacy Flight Number,
wp,173,wp173to,waypoint,IntraAir Flight 1,Legacy Flight Number,
wp,175,wp175to,waypoint,IntraAir Flight 1,Legacy Flight Number,
wp,177,wp177to,waypointHopper,IntraAir Flight 1,Legacy Flight Number,
wp,178,wp178to,waypointHopper,IntraAir Flight 1,Legacy Flight Number,
wp,179,wp179to,waypointHopper,IntraAir Flight 1,Legacy Flight Number,
wp,180,wp180to,waypointHopper,IntraAir Flight 1,Legacy Flight Number,
wp,181,wp181to,waypointHopper,IntraAir Flight 1,Legacy Flight Number,
wp,182,wp182to,waypointHopper,IntraAir Flight 1,Legacy Flight Number,
wp,183,wp183to,waypointHopper,IntraAir Flight 1,Legacy Flight Number,
wp,184,wp184to,waypointHopper,IntraAir Flight 1,Legacy Flight Number,
wp,185,wp185to,waypointHopper,IntraAir Flight 1,Legacy Flight Number,
wp,188,wp188to,waypoint,IntraAir Flight 1,Legacy Flight Number,
wp,189,wp189to,waypointHopper,IntraAir Flight 1,Legacy Flight Number,
wp,190,wp190to,waypoint,IntraAir Flight 1,Legacy Flight Number,
wp,191,wp191to,waypoint,IntraAir Flight 1,Legacy Flight Number,
wp,192,wp192to,waypoint,IntraAir Flight 1,Legacy Flight Number,
wp,193,wp193to,waypoint,IntraAir Flight 1,Legacy Flight Number,
wp,194,wp194to,waypoint,IntraAir Flight 1,Legacy Flight Number,
wp,195,wp195to,waypoint,IntraAir Flight 1,Legacy Flight Number,
wp,196,wp196to,waypoint,IntraAir Flight 1,Legacy Flight Number,
wp,197,wp197to,waypoint,IntraAir Flight 1,Legacy Flight Number,
wp,198,wp198to,waypoint,IntraAir Flight 1,Legacy Flight Number,
wp,199,wp199to,waypoint,IntraAir Flight 1,Legacy Flight Number,
volanti,1,volanti1to,volanti,IntraAir Flight 120,Legacy Flight Number,Waypoint Flight 90
volanti,2,volanti2to,volanti,IntraAir Flight 120,Legacy Flight Number,Waypoint Flight 90
volanti,3,volanti3to,volanti,IntraAir Flight 120,Legacy Flight Number,Waypoint Flight 90
volanti,4,volanti4to,volanti,IntraAir Flight 120,Legacy Flight Number,Waypoint Flight 90
volanti,5,volanti5to,volanti,IntraAir Flight 120,Legacy Flight Number,Waypoint Flight 90
volanti,6,volanti6to,volanti,IntraAir Flight 120,Legacy Flight Number,Waypoint Flight 90
volanti,7,volanti7to,volanti,IntraAir Flight 120,Legacy Flight Number,Waypoint Flight 90
volanti,8,volanti8to,volanti,IntraAir Flight 120,Legacy Flight Number,Waypoint Flight 90
volanti,9,volanti9to,volanti,IntraAir Flight 120,Legacy Flight Number,Waypoint Flight 90
volanti,10,volanti10to,volanti,IntraAir Flight 12,Legacy Flight Number,Waypoint Flight 9
volanti,11,volanti11to,volanti,IntraAir Flight 12,Legacy Flight Number,Waypoint Flight 9
volanti,12,volanti12to,volanti,IntraAir Flight 12,Legacy Flight Number,Waypoint Flight 9
volanti,13,volanti13to,volanti,IntraAir Flight 12,Legacy Flight Number,Waypoint Flight 9
volanti,14,volanti14to,volanti,IntraAir Flight 12,Legacy Flight Number,Waypoint Flight 9
volanti,15,volanti15to,volanti,IntraAir Flight 12,Legacy Flight Number,Waypoint Flight 9
volanti,16,volanti16to,volanti,IntraAir Flight 12,Legacy Flight Number,Waypoint Flight 9
volanti,17,volanti17to,volanti,IntraAir Flight 12,Legacy Flight Number,Waypoint Flight 9
skywest,1,skywest1to,skywest,IntraAir Flight 130,Legacy Flight Number,
gems,5,gems5to,gemsEmerald,IntraAir Flight 130,Legacy Flight Number,
gems,6,gems6to,gemsGold,IntraAir Flight 130,Legacy Flight Number,
gems,7,gems7to,gemsDiamond,IntraAir Flight 130,Legacy Flight Number,
gems,8,gems8to,gemsLapis,IntraAir Flight 130,Legacy Flight Number,
heli,1,heli1to,heli,IntraAir Flight 140,Legacy Flight Number,
heli,2,heli2to,heli,IntraAir Flight 140,Legacy Flight Number,
heli,3,heli3to,heli,IntraAir Flight 140,Legacy Flight Number,
heli,4,heli4to,heli,IntraAir Flight 140,Legacy Flight Number,
heli,5,heli5to,heli,IntraAir Flight 140,Legacy Flight Number,
heli,6,heli6to,heli,IntraAir Flight 140,Legacy Flight Number,
heli,7,heli7to,heli,IntraAir Flight 140,Legacy Flight Number,
heli,9,heli9to,heli,IntraAir Flight 140,Legacy Flight Number,
heli,10,heli10to,heli,IntraAir Flight 14,Legacy Flight Number,
heli,11,heli11to,heli,IntraAir Flight 14,Legacy Flight Number,
heli,12,heli12to,heli,IntraAir Flight 14,Legacy Flight Number,
heli,13,heli13to,heli,IntraAir Flight 14,Legacy Flight Number,
heli,14,heli14to,heli,IntraAir Flight 14,Legacy Flight Number,
heli,15,heli15to,heli,IntraAir Flight 14,Legacy Flight Number,
heli,16,heli16to,heli,IntraAir Flight 14,Legacy Flight Number,
heli,17,heli17to,heli,IntraAir Flight 14,Legacy Flight Number,
heli,18,heli18to,heli,IntraAir Flight 14,Legacy Flight Number,
heli,19,heli19to,heli,IntraAir Flight 14,Legacy Flight Number,
heli,20,heli20to,heli,IntraAir Flight 14,Legacy Flight Number,
heli,21,heli21to,heli,IntraAir Flight 14,Legacy Flight Number,
heli,22,heli22to,heli,IntraAir Flight 14,Legacy Flight Number,
segHeli,1,segHeli1to,segHeli,IntraAir Flight 150,Legacy Flight Number,
segHeli,2,segHeli2to,segHeli,IntraAir Flight 150,Legacy Flight Number,
segHeli,3,segHeli3to,segHeli,IntraAir Flight 150,Legacy Flight Number,
segHeli,4,segHeli4to,segHeli,IntraAir Flight 150,Legacy Flight Number,
segHeli,5,segHeli5to,segHeli,IntraAir Flight 150,Legacy Flight Number,
segHeli,6,segHeli6to,segHeli,IntraAir Flight 150,Legacy Flight Number,
segHeli,7,segHeli7to,segHeli,IntraAir Flight 150,Legacy Flight Number,
segHeli,8,segHeli8to,segHeli,IntraAir Flight 150,Legacy Flight Number,
segHeli,9,segHeli9to,segHeli,IntraAir Flight 150,Legacy Flight Number,
segHeli,10,segHeli10to,segHeli,IntraAir Flight 15,Legacy Flight Number,
segHeli,11,segHeli11to,segHeli,IntraAir Flight 15,Legacy Flight Number,
segHeli,12,segHeli12to,segHeli,IntraAir Flight 15,Legacy Flight Number,
segHeli,13,segHeli13to,segHeli,IntraAir Flight 15,Legacy Flight Number,
segHeli,14,segHeli14to,segHeli,IntraAir Flight 15,Legacy Flight Number,
segHeli,15,segHeli15to,segHeli,IntraAir Flight 15,Legacy Flight Number,
heamp,1,heamp1to,heampstead,IntraAir Flight 160,Legacy Flight Number,
heamp,2,heamp2to,heampstead,IntraAir Flight 160,Legacy Flight Number,
heamp,3,heamp3to,heampstead,IntraAir Flight 160,Legacy Flight Number,
heamp,4,heamp4to,heampstead,IntraAir Flight 160,Legacy Flight Number,
heamp,5,heamp5to,heampstead,IntraAir Flight 160,Legacy Flight Number,
heamp,6,heamp6to,heampstead,IntraAir Flight 160,Legacy Flight Number,
heamp,7,heamp7to,heampstead,IntraAir Flight 160,Legacy Flight Number,
heamp,8,heamp8to,heampstead,IntraAir Flight 160,Legacy Flight Number,
heamp,9,heamp9to,heampstead,IntraAir Flight 160,Legacy Flight Number,
heamp,10,heamp10to,heampstead,IntraAir Flight 16,Legacy Flight Number,
heamp,11,heamp11to,heampstead,IntraAir Flight 16,Legacy Flight Number,
heamp,13,heamp13to,heampstead,IntraAir Flight 16,Legacy Flight Number,
heamp,14,heamp14to,heampstead,IntraAir Flight 16,Legacy Flight Number,
heamp,15,heamp15to,heampstead,IntraAir Flight 16,Legacy Flight Number,
heamp,16,heamp16to,heampstead,IntraAir Flight 16,Legacy Flight Number,
heamp,17,heamp17to,heampstead,IntraAir Flight 16,Legacy Flight Number,
eastern,1,eastern1to,eastern,IntraAir Flight 170,Legacy Flight Number,
eastern,2,eastern2to,eastern,IntraAir Flight 170,Legacy Flight Number,
eastern,3,eastern3to,eastern,IntraAir Flight 170,Legacy Flight Number,
eastern,4,eastern4to,eastern,IntraAir Flight 170,Legacy Flight Number,
eastern,5,eastern5to,eastern,IntraAir Flight 170,Legacy Flight Number,
eastern,6,eastern6to,eastern,IntraAir Flight 170,Legacy Flight Number,
eastern,7,eastern7to,eastern,IntraAir Flight 170,Legacy Flight Number,
eastern,8,eastern8to,eastern,IntraAir Flight 170,Legacy Flight Number,
poseidon,1,poseidon1to,poseidon,IntraAir Flight 180,Legacy Flight Number,
poseidon,2,poseidon2to,poseidon,IntraAir Flight 180,Legacy Flight Number,
poseidon,3,poseidon3to,poseidon,IntraAir Flight 180,Legacy Flight Number,
poseidon,4,poseidon4to,poseidon,IntraAir Flight 180,Legacy Flight Number,
poseidon,5,poseidon5to,poseidon,IntraAir Flight 180,Legacy Flight Number,
poseidon,6,poseidon6to,poseidon,IntraAir Flight 180,Legacy Flight Number,
poseidon,7,poseidon7to,poseidon,IntraAir Flight 180,Legacy Flight Number,
poseidon,8,poseidon8to,poseidon,IntraAir Flight 180,Legacy Flight Number,
poseidon,9,poseidon9to,poseidon,IntraAir Flight 180,Legacy Flight Number,
poseidon,10,poseidon10to,poseidon,IntraAir Flight 18,Legacy Flight Number,
poseidon,11,poseidon11to,poseidon,IntraAir Flight 18,Legacy Flight Number,
poseidon,12,poseidon12to,poseidon,IntraAir Flight 18,Legacy Flight Number,
poseidon,13,poseidon13to,poseidon,IntraAir Flight 18,Legacy Flight Number,
poseidon,14,poseidon14to,poseidon,IntraAir Flight 18,Legacy Flight Number,
poseidon,15,poseidon15to,poseidon,IntraAir Flight 18,Legacy Flight Number,
poseidon,16,poseidon16to,poseidon,IntraAir Flight 18,Legacy Flight Number,
poseidon,17,poseidon17to,poseidon,IntraAir Flight 18,Legacy Flight Number,
poseidon,18,poseidon18to,poseidon,IntraAir Flight 18,Legacy Flight Number,
poseidon,19,poseidon19to,poseidon,IntraAir Flight 18,Legacy Flight Number,
poseidon,20,poseidon20to,poseidon,IntraAir Flight 18,Legacy Flight Number,
poseidon,21,poseidon21to,poseidon,IntraAir Flight 18,Legacy Flight Number,
poseidon,22,poseidon22to,poseidon,IntraAir Flight 18,Legacy Flight Number,
poseidon,23,poseidon23to,poseidon,IntraAir Flight 18,Legacy Flight Number,
poseidon,24,poseidon24to,poseidon,IntraAir Flight 18,Legacy Flight Number,
poseidon,25,poseidon25to,poseidon,IntraAir Flight 18,Legacy Flight Number,
poseidon,26,poseidon26to,poseidon,IntraAir Flight 18,Legacy Flight Number,
poseidon,27,poseidon27to,poseidon,IntraAir Flight 18,Legacy Flight Number,
poseidon,28,poseidon28to,poseidon,IntraAir Flight 18,Legacy Flight Number,
poseidon,29,poseidon29to,poseidon,IntraAir Flight 18,Legacy Flight Number,
poseidon,30,poseidon30to,poseidon,IntraAir Flight 18,Legacy Flight Number,
poseidon,31,poseidon31to,poseidon,IntraAir Flight 18,Legacy Flight Number,
poseidon,32,poseidon32to,poseidon,IntraAir Flight 18,Legacy Flight Number,
poseidon,33,poseidon33to,poseidon,IntraAir Flight 18,Legacy Flight Number,
poseidon,34,poseidon34to,poseidon,IntraAir Flight 18,Legacy Flight Number,
poseidon,35,poseidon35to,poseidon,IntraAir Flight 18,Legacy Flight Number,
air_,1,air_1to,mainline,,New Flight Number,
air_,2,air_2to,mainline,,New Flight Number,
air_,3,air_3to,mainline,,New Flight Number,
air_,4,air_4to,mainline,,New Flight Number,
air_,5,air_5to,mainline,,New Flight Number,
air_,6,air_6to,mainline,,New Flight Number,
air_,7,air_7to,mainline,,New Flight Number,
air_,8,air_8to,mainline,,New Flight Number,
air_,9,air_9to,mainline,,New Flight Number,
air_,10,air_10to,mainline,,New Flight Number,
air_,102,air_102to,mainline,,New Flight Number,
air_,331,air_331to,mainline,,New Flight Number,
air_,365,air_365to,mainline,,New Flight Number,
air_,509,air_509to,mainline,,New Flight Number,
air_,908,air_908to,mainline,,New Flight Number,
air_,2001,air_2001to,mainline,,New Flight Number,
air_,2002,air_2002to,mainline,,New Flight Number,
air_,2003,air_2003to,mainline,,New Flight Number,
air_,2004,air_2004to,mainline,,New Flight Number,
air_,2005,air_2005to,mainline,,New Flight Number,
air_,2006,air_2006to,mainline,,New Flight Number,
air_,2007,air_2007to,mainline,,New Flight Number,
air_,2008,air_2008to,mainline,,New Flight Number,
air_,2009,air_2009to,mainline,,New Flight Number,
air_,2010,air_2010to,mainline,,New Flight Number,
air_,2011,air_2011to,mainline,,New Flight Number,
air_,2012,air_2012to,mainline,,New Flight Number,
air_,2013,air_2013to,mainline,,New Flight Number,
air_,2014,air_2014to,mainline,,New Flight Number,
air_,2015,air_2015to,mainline,,New Flight Number,
air_,2016,air_2016to,mainline,,New Flight Number,
air_,2017,air_2017to,mainline,,New Flight Number,
air_,2018,air_2018to,mainline,,New Flight Number,
air_,3001,air_3001to,mainline,,New Flight Number,
air_,3002,air_3002to,mainline,,New Flight Number,
air_,3003,air_3003to,mainline,,New Flight Number,
wp,4009,wp4009to,waypoint,,New Flight Number,
wp,4071,wp4071to,waypoint,,New Flight Number,
wp,4076,wp4076to,waypoint,,New Flight Number,
seg,4502,seg4502to,segville,,New Flight Number,
acacia,5001,acacia5001to,acacia,,New Flight Number,
acacia,5002,acacia5002to,acacia,,New Flight Number,
acacia,5003,acacia5003to,acacia,,New Flight Number,
acacia,5004,acacia5004to,acacia,,New Flight Number,
acacia,5005,acacia5005to,acacia,,New Flight Number,
acacia,5006,acacia5006to,acacia,,New Flight Number,
acacia,5007,acacia5007to,acacia,,New Flight Number,
acacia,5008,acacia5008to,acacia,,New Flight Number,
acacia,5009,acacia5009to,acacia,,New Flight Number,
acacia,5010,acacia5010to,acacia,,New Flight Number,
acacia,5011,acacia5011to,acacia,,New Flight Number,
acacia,5012,acacia5012to,acacia,,New Flight Number,
acacia,5013,acacia5013to,acacia,,New Flight Number,
acacia,5014,acacia5014to,acacia,,New Flight Number,
acacia,5015,acacia5015to,acacia,,New Flight Number,
acacia,5016,acacia5016to,acacia,,New Flight Number,
acacia,5017,acacia5017to,acacia,,New Flight Number,
acacia,5018,acacia5018to,acacia,,New Flight Number,
acacia,5019,acacia5019to,acacia,,New Flight Number,
acacia,5020,acacia5020to,acacia,,New Flight Number,
acacia,5021,acacia5021to,acacia,,New Flight Number,
acacia,5022,acacia5022to,acacia,,New Flight Number,
acacia,5023,acacia5023to,acacia,,New Flight Number,
acacia,5024,acacia5024to,acacia,,New Flight Number,
acacia,5025,acacia5025to,acacia,,New Flight Number,
acacia,5026,acacia5026to,acacia,,New Flight Number,
acacia,5027,acacia5027to,acacia,,New Flight Number,
acacia,5028,acacia5028to,acacia,,New Flight Number,
acacia,5029,acacia5029to,acacia,,New Flight Number,
acacia,5030,acacia5030to,acacia,,New Flight Number,
acacia,5031,acacia5031to,acacia,,New Flight Number,
acacia,5032,acacia5032to,acacia,,New Flight Number,
acacia,5033,acacia5033to,acacia,,New Flight Number,
acacia,5034,acacia5034to,acacia,,New Flight Number,
skywest,5505,skywest5505to,skywest,,New Flight Number,